feature,rank_ic,ic_lo,ic_hi
range_pos_60,-0.027993853561252943,-0.03667124719696632,-0.019316459925539563
ret_60,-0.026787226638906075,-0.03715673796946958,-0.01641771530834257
ret_15,-0.02612559638090156,-0.03541261867804702,-0.0168385740837561
taker_imb_15,-0.02502665760343041,-0.0333493568214116,-0.016703958385449216
taker_imb_60,-0.019065770348159827,-0.027578231640567212,-0.010553309055752443
ret_5,-0.018431181109943306,-0.026285292442131944,-0.01057706977775467
ret_1,-0.006947332827143423,-0.011364757387891368,-0.0025299082663954777
taker_imb_1,-0.005354842324182579,-0.010089309643384437,-0.000620375004980721
count_z_1440,-0.005251049737045503,-0.014025308634705535,0.003523209160614529
rv_60,0.004956839308943184,-0.004953676868427446,0.014867355486313814
rv_15,0.004836752610992551,-0.0051344500352456315,0.014807955257230734
parkinson_60,0.004796534579692579,-0.005084941285427444,0.014678010444812602
volume_z_1440,-0.003597943322929482,-0.011529552996528001,0.004333666350669038
tod_sin,-0.0030643487096725414,-0.012278291075426401,0.0061495936560813196
tod_cos,0.0011366027879291033,-0.008168697887358587,0.010441903463216792
