model,horizon,delay,fold,test_start,test_end,n_train,n,n_nonflat,test_up_rate,test_majority_acc,accuracy,auc,ll_skill,rank_ic,edge_bps,frac_long
base_rate,1,0,wf1,2024-10-19 04:47:00+00:00,2024-11-24 14:22:00+00:00,157247,52416,51375,0.49866666666666665,0.5013333333333334,0.5013333333333333,0.5,0.0,,-0.06599314323381789,0.0
base_rate,1,0,wf2,2024-11-24 14:23:00+00:00,2024-12-30 23:58:00+00:00,209663,52416,51923,0.49532962271055214,0.5046703772894479,0.5046703772894479,0.5,0.0,,0.007751273612360635,0.0
base_rate,1,0,wf3,2024-12-30 23:59:00+00:00,2025-02-05 09:34:00+00:00,262079,52416,51622,0.49821781411026306,0.5017821858897369,0.5017821858897369,0.5,0.0,,-0.009415977042786183,0.0
base_rate,1,0,wf4,2025-02-05 09:35:00+00:00,2025-03-13 19:10:00+00:00,314495,52416,51602,0.5040114724235495,0.5040114724235495,0.4959885275764505,0.5,0.0,,0.035928697319676586,0.0
base_rate,1,0,wf5,2025-03-13 19:11:00+00:00,2025-04-19 04:46:00+00:00,366911,52416,51360,0.5009929906542057,0.5009929906542057,0.4990070093457944,0.5,0.0,,-0.010162129766196194,0.0
logit_ret1,1,0,wf1,2024-10-19 04:47:00+00:00,2024-11-24 14:22:00+00:00,157247,52416,51375,0.49866666666666665,0.5013333333333334,0.49086131386861315,0.4912760667097149,-0.00028479080636500953,-0.01353175358345708,-0.11433140071058011,0.46777701465201466
logit_ret1,1,0,wf2,2024-11-24 14:23:00+00:00,2024-12-30 23:58:00+00:00,209663,52416,51923,0.49532962271055214,0.5046703772894479,0.49563777131521675,0.496366028810524,-5.273943585426544e-05,-0.0013785575070324875,-0.04580767201069388,0.426377442002442
logit_ret1,1,0,wf3,2024-12-30 23:59:00+00:00,2025-02-05 09:34:00+00:00,262079,52416,51622,0.49821781411026306,0.5017821858897369,0.5063732517143853,0.5050604409485254,0.00010877950980459072,0.011409269364578726,0.01830422478424425,0.24088064713064714
logit_ret1,1,0,wf4,2025-02-05 09:35:00+00:00,2025-03-13 19:10:00+00:00,314495,52416,51602,0.5040114724235495,0.5040114724235495,0.4903298321770474,0.48945485215902573,-0.00014662663839448697,-0.019566115150192482,-0.1159062840231072,0.28395909645909645
logit_ret1,1,0,wf5,2025-03-13 19:11:00+00:00,2025-04-19 04:46:00+00:00,366911,52416,51360,0.5009929906542057,0.5009929906542057,0.5036409657320873,0.5057729364333853,8.839465772758626e-05,0.012425898434864895,0.059293378601143865,0.32797237484737485
logit_all,1,0,wf1,2024-10-19 04:47:00+00:00,2024-11-24 14:22:00+00:00,157247,52416,51375,0.49866666666666665,0.5013333333333334,0.5056934306569343,0.5063595601210351,-0.00017214416040078895,0.00603915063227993,-0.017375591821456357,0.46808226495726496
logit_all,1,0,wf2,2024-11-24 14:23:00+00:00,2024-12-30 23:58:00+00:00,209663,52416,51923,0.49532962271055214,0.5046703772894479,0.5062111203127708,0.5075345756397112,-2.0126683384136257e-05,0.009052761926956965,0.020767830375992377,0.48061660561660563
logit_all,1,0,wf3,2024-12-30 23:59:00+00:00,2025-02-05 09:34:00+00:00,262079,52416,51622,0.49821781411026306,0.5017821858897369,0.5089303010344427,0.5131433087143176,0.00048403633707405636,0.019936212876028914,0.05834110732488952,0.45869581807081805
logit_all,1,0,wf4,2025-02-05 09:35:00+00:00,2025-03-13 19:10:00+00:00,314495,52416,51602,0.5040114724235495,0.5040114724235495,0.5056586953994031,0.5081854671606144,0.00014763740085121935,0.010904100251362188,-0.0188774883602165,0.4914339133089133
logit_all,1,0,wf5,2025-03-13 19:11:00+00:00,2025-04-19 04:46:00+00:00,366911,52416,51360,0.5009929906542057,0.5009929906542057,0.5091121495327103,0.5123237330195468,0.0003740409283430335,0.021574092837361294,0.08545888715265923,0.49151022588522586
hgb_all,1,0,wf1,2024-10-19 04:47:00+00:00,2024-11-24 14:22:00+00:00,157247,52416,51375,0.49866666666666665,0.5013333333333334,0.5074841849148418,0.5130960887233162,0.00011335381720689597,0.015310202817933985,0.02807770594285272,0.497214590964591
hgb_all,1,0,wf2,2024-11-24 14:23:00+00:00,2024-12-30 23:58:00+00:00,209663,52416,51923,0.49532962271055214,0.5046703772894479,0.5096970514030391,0.5143308926793433,0.00039566481577235635,0.02305574467462459,0.04937033668464165,0.5147664835164835
hgb_all,1,0,wf3,2024-12-30 23:59:00+00:00,2025-02-05 09:34:00+00:00,262079,52416,51622,0.49821781411026306,0.5017821858897369,0.5130177056293829,0.5206428817737334,0.001080616672009982,0.028250343711142333,0.07083829694703847,0.48153235653235654
hgb_all,1,0,wf4,2025-02-05 09:35:00+00:00,2025-03-13 19:10:00+00:00,314495,52416,51602,0.5040114724235495,0.5040114724235495,0.5102321615441262,0.5164031682883707,0.0006638725503328446,0.022619020167167964,0.031059695635893565,0.5045978327228328
hgb_all,1,0,wf5,2025-03-13 19:11:00+00:00,2025-04-19 04:46:00+00:00,366911,52416,51360,0.5009929906542057,0.5009929906542057,0.5172118380062305,0.5233014347854129,0.0013976328425452378,0.0355899668228128,0.13856471643268825,0.49151022588522586
base_rate,1,1,wf1,2024-10-19 04:47:00+00:00,2024-11-24 14:22:00+00:00,157246,52416,51375,0.49866666666666665,0.5013333333333334,0.5013333333333333,0.5,0.0,,-0.06613870872132048,0.0
base_rate,1,1,wf2,2024-11-24 14:23:00+00:00,2024-12-30 23:58:00+00:00,209662,52416,51923,0.49531036342276064,0.5046896365772393,0.5046896365772394,0.5,0.0,,0.007933975190037922,0.0
base_rate,1,1,wf3,2024-12-30 23:59:00+00:00,2025-02-05 09:33:00+00:00,262078,52415,51621,0.4982274655663393,0.5017725344336608,0.5017725344336608,0.5,0.0,,-0.009436553790408376,0.0
base_rate,1,1,wf4,2025-02-05 09:34:00+00:00,2025-03-13 19:09:00+00:00,314493,52416,51602,0.5040114724235495,0.5040114724235495,0.4959885275764505,0.5,0.0,,0.035928697319676586,0.0
base_rate,1,1,wf5,2025-03-13 19:10:00+00:00,2025-04-19 04:45:00+00:00,366909,52416,51360,0.5009929906542057,0.5009929906542057,0.4990070093457944,0.5,0.0,,-0.010162129766196194,0.0
logit_ret1,1,1,wf1,2024-10-19 04:47:00+00:00,2024-11-24 14:22:00+00:00,157246,52416,51375,0.49866666666666665,0.5013333333333334,0.5004963503649635,0.5031232196332096,3.6008220970717986e-05,0.01481193536764523,0.048966604799430484,0.4541170634920635
logit_ret1,1,1,wf2,2024-11-24 14:23:00+00:00,2024-12-30 23:58:00+00:00,209662,52416,51923,0.49531036342276064,0.5046896365772393,0.5050170444696955,0.5057438279500737,3.3979043187915003e-05,0.009992838901998034,-0.00015939506396741343,0.4206730769230769
logit_ret1,1,1,wf3,2024-12-30 23:59:00+00:00,2025-02-05 09:33:00+00:00,262078,52415,51621,0.4982274655663393,0.5017725344336608,0.5006683326553147,0.4959846070919737,-0.00010417046511479455,-0.007825538874488308,-0.055399272030273866,0.2757035199847372
logit_ret1,1,1,wf4,2025-02-05 09:34:00+00:00,2025-03-13 19:09:00+00:00,314493,52416,51602,0.5040114724235495,0.5040114724235495,0.4996705554048293,0.5103523562228507,8.37593590559127e-05,0.02599320446524319,0.040438536129049976,0.19898504273504272
logit_ret1,1,1,wf5,2025-03-13 19:10:00+00:00,2025-04-19 04:45:00+00:00,366909,52416,51360,0.5009929906542057,0.5009929906542057,0.5047313084112149,0.5066877420074548,3.052610860332372e-05,0.014052437058432657,0.049901897525639824,0.35414758852258854
logit_all,1,1,wf1,2024-10-19 04:47:00+00:00,2024-11-24 14:22:00+00:00,157246,52416,51375,0.49866666666666665,0.5013333333333334,0.5032019464720194,0.5040436621220076,-3.9010856988097586e-05,0.010666931809286514,0.03505236039688545,0.4573221916971917
logit_all,1,1,wf2,2024-11-24 14:23:00+00:00,2024-12-30 23:58:00+00:00,209662,52416,51923,0.49531036342276064,0.5046896365772393,0.5075207518825954,0.507656661639366,-2.760064499529591e-05,0.00946829693858635,0.029621564489169312,0.46369429181929184
logit_all,1,1,wf3,2024-12-30 23:59:00+00:00,2025-02-05 09:33:00+00:00,262078,52415,51621,0.4982274655663393,0.5017725344336608,0.5034385230816916,0.5071517205776492,6.475046677156815e-05,0.0065936102475568905,-0.02879788691848629,0.43855766479061337
logit_all,1,1,wf4,2025-02-05 09:34:00+00:00,2025-03-13 19:09:00+00:00,314493,52416,51602,0.5040114724235495,0.5040114724235495,0.5040696097050502,0.5055974460836967,6.0694622165402556e-05,0.01417150501698111,0.033608582857151965,0.4730425824175824
logit_all,1,1,wf5,2025-03-13 19:10:00+00:00,2025-04-19 04:45:00+00:00,366909,52416,51360,0.5009929906542057,0.5009929906542057,0.507398753894081,0.509191126599667,0.0001774225972885901,0.01780265922792336,0.036593313765649844,0.4909188034188034
hgb_all,1,1,wf1,2024-10-19 04:47:00+00:00,2024-11-24 14:22:00+00:00,157246,52416,51375,0.49866666666666665,0.5013333333333334,0.505596107055961,0.5055879575916793,-0.0008817626958685931,0.007443109496194562,0.04831622655867423,0.5149763431013431
hgb_all,1,1,wf2,2024-11-24 14:23:00+00:00,2024-12-30 23:58:00+00:00,209662,52416,51923,0.49531036342276064,0.5046896365772393,0.5042081543824509,0.5063415479050151,-0.000498867610266629,0.008866792922038357,0.017981715732246745,0.5222641941391941
hgb_all,1,1,wf3,2024-12-30 23:59:00+00:00,2025-02-05 09:33:00+00:00,262078,52415,51621,0.4982274655663393,0.5017725344336608,0.5048526762364154,0.5075052928625934,-0.00020360604818980832,0.007284488989546645,-0.006244491656425804,0.48591052179719546
hgb_all,1,1,wf4,2025-02-05 09:34:00+00:00,2025-03-13 19:09:00+00:00,314493,52416,51602,0.5040114724235495,0.5040114724235495,0.5038370605790473,0.5038405209839558,-0.0002433972831510367,0.00827915247805563,0.00011827963382028068,0.49820665445665446
hgb_all,1,1,wf5,2025-03-13 19:10:00+00:00,2025-04-19 04:45:00+00:00,366909,52416,51360,0.5009929906542057,0.5009929906542057,0.5072040498442367,0.5093231733144661,0.00014086469754903685,0.018407193422350518,0.08203058356768177,0.5175137362637363
base_rate,5,0,wf1,2024-10-19 04:46:00+00:00,2024-11-24 14:21:00+00:00,157242,52416,52306,0.500688257561274,0.500688257561274,0.500688257561274,0.5,0.0,,0.3302519213342413,1.0
base_rate,5,0,wf2,2024-11-24 14:22:00+00:00,2024-12-30 23:56:00+00:00,209658,52415,52372,0.4964484839227068,0.5035515160772932,0.4964484839227068,0.5,0.0,,-0.038927414391326944,1.0
base_rate,5,0,wf3,2024-12-30 23:57:00+00:00,2025-02-05 09:32:00+00:00,262073,52416,52376,0.4993317550022911,0.5006682449977089,0.4993317550022911,0.5,0.0,,0.0465390533976205,1.0
base_rate,5,0,wf4,2025-02-05 09:33:00+00:00,2025-03-13 19:07:00+00:00,314489,52415,52368,0.4976130461350443,0.5023869538649557,0.4976130461350443,0.5,0.0,,-0.179581569795345,1.0
base_rate,5,0,wf5,2025-03-13 19:08:00+00:00,2025-04-19 04:43:00+00:00,366904,52416,52324,0.4990444155645593,0.5009555844354407,0.4990444155645593,0.5,0.0,,0.05126438498072494,1.0
logit_ret1,5,0,wf1,2024-10-19 04:46:00+00:00,2024-11-24 14:21:00+00:00,157242,52416,52306,0.500688257561274,0.500688257561274,0.497189614958131,0.5014543403964156,3.203535667029023e-05,0.00753822732645876,0.08832482972759191,0.8112217643467643
logit_ret1,5,0,wf2,2024-11-24 14:22:00+00:00,2024-12-30 23:56:00+00:00,209658,52415,52372,0.4964484839227068,0.5035515160772932,0.49430993660734746,0.4967396386318823,-7.43832047205295e-05,-0.006416719718170233,-0.15501781401919143,0.7679862634741963
logit_ret1,5,0,wf3,2024-12-30 23:57:00+00:00,2025-02-05 09:32:00+00:00,262073,52416,52376,0.4993317550022911,0.5006682449977089,0.4995417748587139,0.5036714739696047,7.112276257392747e-05,0.010605866104618705,0.047326823465578344,0.6817574786324786
logit_ret1,5,0,wf4,2025-02-05 09:33:00+00:00,2025-03-13 19:07:00+00:00,314489,52415,52368,0.4976130461350443,0.5023869538649557,0.5016231286281698,0.503479995501835,2.284590543966125e-05,0.00979408086683405,0.01884913037086382,0.6061623581035963
logit_ret1,5,0,wf5,2025-03-13 19:08:00+00:00,2025-04-19 04:43:00+00:00,366904,52416,52324,0.4990444155645593,0.5009555844354407,0.49967510129195014,0.49920815649587413,-9.075275170911112e-06,0.005890010205727625,0.07705324533542757,0.5323946886446886
logit_all,5,0,wf1,2024-10-19 04:46:00+00:00,2024-11-24 14:21:00+00:00,157242,52416,52306,0.500688257561274,0.500688257561274,0.5106106374029749,0.515408005460549,0.0003904274640597061,0.026792626430695264,0.14391927854116335,0.5114659645909646
logit_all,5,0,wf2,2024-11-24 14:22:00+00:00,2024-12-30 23:56:00+00:00,209658,52415,52372,0.4964484839227068,0.5035515160772932,0.5126403421675705,0.5174231075499656,0.0005409751444372946,0.019339012452576586,0.07993762715726496,0.5431460459792045
logit_all,5,0,wf3,2024-12-30 23:57:00+00:00,2025-02-05 09:32:00+00:00,262073,52416,52376,0.4993317550022911,0.5006682449977089,0.5166679395142814,0.5213975721463509,0.0010632481072569977,0.03854628445488093,0.27840566648326226,0.5318605006105006
logit_all,5,0,wf4,2025-02-05 09:33:00+00:00,2025-03-13 19:07:00+00:00,314489,52415,52368,0.4976130461350443,0.5023869538649557,0.5090704246868316,0.5178448063085445,0.000626312642254323,0.02723176116534691,-0.08538750973021852,0.5403224267862253
logit_all,5,0,wf5,2025-03-13 19:08:00+00:00,2025-04-19 04:43:00+00:00,366904,52416,52324,0.4990444155645593,0.5009555844354407,0.5148880055041664,0.5195906555577747,0.0008605955037120916,0.02943597234590769,0.18548633651436194,0.518925518925519
hgb_all,5,0,wf1,2024-10-19 04:46:00+00:00,2024-11-24 14:21:00+00:00,157242,52416,52306,0.500688257561274,0.500688257561274,0.5081252628761519,0.5127720665821949,-0.0016136339858980886,0.020159323702056274,0.10916865918253607,0.5247061965811965
hgb_all,5,0,wf2,2024-11-24 14:22:00+00:00,2024-12-30 23:56:00+00:00,209658,52415,52372,0.4964484839227068,0.5035515160772932,0.5078095165355534,0.5133063439953797,-0.0007663789065930349,0.018450543960529014,0.08439519523225052,0.5337212629972337
hgb_all,5,0,wf3,2024-12-30 23:57:00+00:00,2025-02-05 09:32:00+00:00,262073,52416,52376,0.4993317550022911,0.5006682449977089,0.5136131052390408,0.5193998260326048,0.0003451794016967602,0.029248874744293527,0.0009330471405318837,0.5172466422466423
hgb_all,5,0,wf4,2025-02-05 09:33:00+00:00,2025-03-13 19:07:00+00:00,314489,52415,52368,0.4976130461350443,0.5023869538649557,0.5097769630308585,0.5177029372108262,0.00034201688990831425,0.025328839175417193,0.03020609114701098,0.5231136125155013
hgb_all,5,0,wf5,2025-03-13 19:08:00+00:00,2025-04-19 04:43:00+00:00,366904,52416,52324,0.4990444155645593,0.5009555844354407,0.5168373977524654,0.5237862329779263,0.0013526166884375579,0.04078950029647998,0.26326129285968547,0.48834325396825395
base_rate,5,1,wf1,2024-10-19 04:45:00+00:00,2024-11-24 14:20:00+00:00,157240,52416,52306,0.500688257561274,0.500688257561274,0.500688257561274,0.5,0.0,,0.3302519213342413,1.0
base_rate,5,1,wf2,2024-11-24 14:21:00+00:00,2024-12-30 23:55:00+00:00,209656,52415,52372,0.4964484839227068,0.5035515160772932,0.4964484839227068,0.5,0.0,,-0.038927414391326944,1.0
base_rate,5,1,wf3,2024-12-30 23:56:00+00:00,2025-02-05 09:31:00+00:00,262071,52416,52376,0.4993317550022911,0.5006682449977089,0.4993317550022911,0.5,0.0,,0.0465390533976205,1.0
base_rate,5,1,wf4,2025-02-05 09:32:00+00:00,2025-03-13 19:06:00+00:00,314487,52415,52368,0.4976130461350443,0.5023869538649557,0.4976130461350443,0.5,0.0,,-0.179581569795345,1.0
base_rate,5,1,wf5,2025-03-13 19:07:00+00:00,2025-04-19 04:42:00+00:00,366902,52416,52324,0.4990444155645593,0.5009555844354407,0.4990444155645593,0.5,0.0,,0.05126438498072494,1.0
logit_ret1,5,1,wf1,2024-10-19 04:45:00+00:00,2024-11-24 14:20:00+00:00,157240,52416,52306,0.500688257561274,0.500688257561274,0.4999044086720453,0.505100978282327,5.8536599025882374e-05,0.012973562144351912,0.19366816617391505,0.8206654456654456
logit_ret1,5,1,wf2,2024-11-24 14:21:00+00:00,2024-12-30 23:55:00+00:00,209656,52415,52372,0.4964484839227068,0.5035515160772932,0.49526464523027575,0.499300258724288,-8.546423988797791e-05,-0.00316126174416203,-0.12562898977021617,0.7560240389201565
logit_ret1,5,1,wf3,2024-12-30 23:56:00+00:00,2025-02-05 09:31:00+00:00,262071,52416,52376,0.4993317550022911,0.5006682449977089,0.5027684435619367,0.505811037763355,5.64529798506852e-05,0.014600973471095562,0.12450774300361109,0.6736111111111112
logit_ret1,5,1,wf4,2025-02-05 09:32:00+00:00,2025-03-13 19:06:00+00:00,314487,52415,52368,0.4976130461350443,0.5023869538649557,0.5086121295447602,0.512017747917694,0.00010881395519546366,0.023659559615677648,0.17894446377965167,0.6088715062482114
logit_ret1,5,1,wf5,2025-03-13 19:07:00+00:00,2025-04-19 04:42:00+00:00,366902,52416,52324,0.4990444155645593,0.5009555844354407,0.5017582753612109,0.5001942339662383,-2.004627230101086e-05,0.0043562780230726504,0.0655886952108556,0.5302197802197802
logit_all,5,1,wf1,2024-10-19 04:45:00+00:00,2024-11-24 14:20:00+00:00,157240,52416,52306,0.500688257561274,0.500688257561274,0.5100944442320192,0.5153039831261385,0.0003014944779075046,0.025778828213721672,0.06316388685819899,0.5070016788766789
logit_all,5,1,wf2,2024-11-24 14:21:00+00:00,2024-12-30 23:55:00+00:00,209656,52415,52372,0.4964484839227068,0.5035515160772932,0.5125257771328191,0.5178025178219323,0.0005630281352959621,0.022014036902869592,0.10064899809678338,0.5411618811408948
logit_all,5,1,wf3,2024-12-30 23:56:00+00:00,2025-02-05 09:31:00+00:00,262071,52416,52376,0.4993317550022911,0.5006682449977089,0.5161715289445548,0.5216436592123249,0.0010366912955642738,0.039579358302816225,0.278242858713669,0.5339400183150184
logit_all,5,1,wf4,2025-02-05 09:32:00+00:00,2025-03-13 19:06:00+00:00,314487,52415,52368,0.4976130461350443,0.5023869538649557,0.5091277115795906,0.5190949947768131,0.0007337369026434448,0.027619273712704794,-0.07749596268764557,0.5473051607364304
logit_all,5,1,wf5,2025-03-13 19:07:00+00:00,2025-04-19 04:42:00+00:00,366902,52416,52324,0.4990444155645593,0.5009555844354407,0.5133399587187524,0.5186404865993685,0.0007888706322908279,0.02890877206634526,0.17266700182248101,0.5197840354090354
hgb_all,5,1,wf1,2024-10-19 04:45:00+00:00,2024-11-24 14:20:00+00:00,157240,52416,52306,0.500688257561274,0.500688257561274,0.5063472641761939,0.5094990144808917,-0.001926042886061241,0.016226796905069965,0.06374042582061208,0.5039300976800977
hgb_all,5,1,wf2,2024-11-24 14:21:00+00:00,2024-12-30 23:55:00+00:00,209656,52415,52372,0.4964484839227068,0.5035515160772932,0.509890781333537,0.5140912221878682,-0.0005442046654287047,0.017999910857604894,0.08072954513997195,0.5217781169512544
hgb_all,5,1,wf3,2024-12-30 23:56:00+00:00,2025-02-05 09:31:00+00:00,262071,52416,52376,0.4993317550022911,0.5006682449977089,0.514911409806018,0.5197579069258382,0.0004268684940770262,0.03096837114236697,0.06010836006700671,0.5177808302808303
hgb_all,5,1,wf4,2025-02-05 09:32:00+00:00,2025-03-13 19:06:00+00:00,314487,52415,52368,0.4976130461350443,0.5023869538649557,0.5093377635197067,0.5175317946255545,0.00020796015249391342,0.02556778896367863,-0.0546737893244358,0.5224458647333778
hgb_all,5,1,wf5,2025-03-13 19:07:00+00:00,2025-04-19 04:42:00+00:00,366902,52416,52324,0.4990444155645593,0.5009555844354407,0.5154995795428484,0.5201947747233717,0.0008840243798633463,0.03443691110192454,0.17750211066965055,0.4931891025641026
base_rate,15,0,wf1,2024-10-19 04:43:00+00:00,2024-11-24 14:17:00+00:00,157229,52415,52380,0.5082856051928217,0.5082856051928217,0.5082856051928217,0.5,0.0,,0.9910981436462996,1.0
base_rate,15,0,wf2,2024-11-24 14:18:00+00:00,2024-12-30 23:51:00+00:00,209644,52414,52402,0.5031105682989199,0.5031105682989199,0.5031105682989199,0.5,0.0,,-0.1170169284343621,1.0
base_rate,15,0,wf3,2024-12-30 23:52:00+00:00,2025-02-05 09:26:00+00:00,262058,52415,52403,0.4965364578363834,0.5034635421636167,0.4965364578363834,0.5,0.0,,0.14235507085867705,1.0
base_rate,15,0,wf4,2025-02-05 09:27:00+00:00,2025-03-13 19:00:00+00:00,314473,52414,52400,0.49952290076335876,0.5004770992366412,0.49952290076335876,0.5,0.0,,-0.5386638125587918,1.0
base_rate,15,0,wf5,2025-03-13 19:01:00+00:00,2025-04-19 04:35:00+00:00,366887,52415,52403,0.4991508119764136,0.5008491880235864,0.4991508119764136,0.5,0.0,,0.15084175551508722,1.0
logit_ret1,15,0,wf1,2024-10-19 04:43:00+00:00,2024-11-24 14:17:00+00:00,157229,52415,52380,0.5082856051928217,0.5082856051928217,0.5042191676212294,0.5041860315921532,-1.4491423927509572e-05,0.0070950779843336285,0.3315298916189486,0.7909949441953639
logit_ret1,15,0,wf2,2024-11-24 14:18:00+00:00,2024-12-30 23:51:00+00:00,209644,52414,52402,0.5031105682989199,0.5031105682989199,0.5010304950192741,0.5039311563288411,-4.377192565163668e-05,0.005278371141935409,-0.23545197414419047,0.8502690120960049
logit_ret1,15,0,wf3,2024-12-30 23:52:00+00:00,2025-02-05 09:26:00+00:00,262058,52415,52403,0.4965364578363834,0.5034635421636167,0.4960975516668893,0.5034835942530831,5.8628583605613294e-05,0.00933866316286493,-0.049860782296473276,0.8626538204712392
logit_ret1,15,0,wf4,2025-02-05 09:27:00+00:00,2025-03-13 19:00:00+00:00,314473,52414,52400,0.49952290076335876,0.5004770992366412,0.5051717557251908,0.5089698984706406,0.00010363819988523648,0.017770772645034356,0.008399032048993954,0.8056244514824283
logit_ret1,15,0,wf5,2025-03-13 19:01:00+00:00,2025-04-19 04:35:00+00:00,366887,52415,52403,0.4991508119764136,0.5008491880235864,0.502356735301414,0.5061471978459977,9.019128832377099e-05,0.014680209606916085,0.13985186795050258,0.7950777449203472
logit_all,15,0,wf1,2024-10-19 04:43:00+00:00,2024-11-24 14:17:00+00:00,157229,52415,52380,0.5082856051928217,0.5082856051928217,0.5179457808323787,0.5270844969632729,0.001617956325704606,0.04474033483993912,0.34875453303619686,0.5251359343699322
logit_all,15,0,wf2,2024-11-24 14:18:00+00:00,2024-12-30 23:51:00+00:00,209644,52414,52402,0.5031105682989199,0.5031105682989199,0.5197893210182818,0.5255434592409547,0.0013259519216167748,0.04499736781420983,0.4177376554711631,0.5821345442057465
logit_all,15,0,wf3,2024-12-30 23:52:00+00:00,2025-02-05 09:26:00+00:00,262058,52415,52403,0.4965364578363834,0.5034635421636167,0.5198748163273095,0.5319881758345834,0.002251093120795744,0.05781112196133248,0.37389872338983976,0.5891252504054183
logit_all,15,0,wf4,2025-02-05 09:27:00+00:00,2025-03-13 19:00:00+00:00,314473,52414,52400,0.49952290076335876,0.5004770992366412,0.5105343511450382,0.5173361216349222,-3.33069726634605e-05,0.026189395107421402,-0.2854002593724158,0.572919449002175
logit_all,15,0,wf5,2025-03-13 19:01:00+00:00,2025-04-19 04:35:00+00:00,366887,52415,52403,0.4991508119764136,0.5008491880235864,0.5121653340457607,0.5214957024012158,0.000889179501819326,0.04000138445134617,0.40120456808176014,0.5533530477916627
hgb_all,15,0,wf1,2024-10-19 04:43:00+00:00,2024-11-24 14:17:00+00:00,157229,52415,52380,0.5082856051928217,0.5082856051928217,0.5129820542191676,0.5183372827044315,-0.004206060276035206,0.02674584877331465,0.14001033703321294,0.5391777163025852
hgb_all,15,0,wf2,2024-11-24 14:18:00+00:00,2024-12-30 23:51:00+00:00,209644,52414,52402,0.5031105682989199,0.5031105682989199,0.5164115873439945,0.521431956718277,-0.0007483696703287634,0.03625620191648359,0.28699696048708,0.5609188384782692
hgb_all,15,0,wf3,2024-12-30 23:52:00+00:00,2025-02-05 09:26:00+00:00,262058,52415,52403,0.4965364578363834,0.5034635421636167,0.5163635669713565,0.5229501210556969,-0.0008894932254743804,0.03225426963745923,-0.0609413902687204,0.5748163693599161
hgb_all,15,0,wf4,2025-02-05 09:27:00+00:00,2025-03-13 19:00:00+00:00,314473,52414,52400,0.49952290076335876,0.5004770992366412,0.5093702290076336,0.5094848266826186,-0.004109702774928836,0.01363751453394336,-0.18272190495713103,0.563360934101576
hgb_all,15,0,wf5,2025-03-13 19:01:00+00:00,2025-04-19 04:35:00+00:00,366887,52415,52403,0.4991508119764136,0.5008491880235864,0.5154094231246302,0.5253516199641266,0.0009228351976605653,0.046419669105804744,0.6035025482632955,0.5509300772679576
base_rate,15,1,wf1,2024-10-19 04:43:00+00:00,2024-11-24 14:16:00+00:00,157228,52414,52379,0.5082953091887971,0.5082953091887971,0.5082953091887971,0.5,0.0,,0.9911600862830727,1.0
base_rate,15,1,wf2,2024-11-24 14:17:00+00:00,2024-12-30 23:51:00+00:00,209642,52415,52403,0.5031200503787951,0.5031200503787951,0.5031200503787951,0.5,0.0,,-0.1167989564639892,1.0
base_rate,15,1,wf3,2024-12-30 23:52:00+00:00,2025-02-05 09:25:00+00:00,262057,52414,52402,0.4965268501202244,0.5034731498797755,0.4965268501202244,0.5,0.0,,0.14214204325483454,1.0
base_rate,15,1,wf4,2025-02-05 09:26:00+00:00,2025-03-13 19:00:00+00:00,314471,52415,52401,0.49951336806549496,0.500486631934505,0.49951336806549496,0.5,0.0,,-0.5391790935815136,1.0
base_rate,15,1,wf5,2025-03-13 19:01:00+00:00,2025-04-19 04:34:00+00:00,366886,52414,52402,0.4991603373917026,0.5008396626082974,0.4991603373917026,0.5,0.0,,0.15137020135730572,1.0
logit_ret1,15,1,wf1,2024-10-19 04:43:00+00:00,2024-11-24 14:16:00+00:00,157228,52414,52379,0.5082953091887971,0.5082953091887971,0.5079707516371065,0.5074330832360314,9.22729034422698e-05,0.011753309654613712,0.49887668026232107,0.7988705307742207
logit_ret1,15,1,wf2,2024-11-24 14:17:00+00:00,2024-12-30 23:51:00+00:00,209642,52415,52403,0.5031200503787951,0.5031200503787951,0.5006011106234376,0.5030059613087625,-0.0001072231765286702,0.005516241664564896,-0.2884854526846943,0.8399503958790423
logit_ret1,15,1,wf3,2024-12-30 23:52:00+00:00,2025-02-05 09:25:00+00:00,262057,52414,52402,0.4965268501202244,0.5034731498797755,0.4959543528872944,0.5032887602741218,2.269289289369425e-05,0.009250670042190788,-0.016503915971081688,0.8618117296905407
logit_ret1,15,1,wf4,2025-02-05 09:26:00+00:00,2025-03-13 19:00:00+00:00,314471,52415,52401,0.49951336806549496,0.500486631934505,0.504284269384172,0.5076738490372896,7.514606472835972e-05,0.020488699542501924,0.08883284206144809,0.810683964513975
logit_ret1,15,1,wf5,2025-03-13 19:01:00+00:00,2025-04-19 04:34:00+00:00,366886,52414,52402,0.4991603373917026,0.5008396626082974,0.5042746460058777,0.5078003370374562,8.401982915651196e-05,0.013748645273572167,0.12492187182122612,0.8041553783340329
logit_all,15,1,wf1,2024-10-19 04:43:00+00:00,2024-11-24 14:16:00+00:00,157228,52414,52379,0.5082953091887971,0.5082953091887971,0.5179556692567632,0.527491276374173,0.0016799283504640439,0.04569435877021578,0.4528079054279159,0.5248406914183233
logit_all,15,1,wf2,2024-11-24 14:17:00+00:00,2024-12-30 23:51:00+00:00,209642,52415,52403,0.5031200503787951,0.5031200503787951,0.5196267389271607,0.5255932207908012,0.0013592545931412348,0.04483252002951253,0.39959298167916746,0.5840694457693408
logit_all,15,1,wf3,2024-12-30 23:52:00+00:00,2025-02-05 09:25:00+00:00,262057,52414,52402,0.4965268501202244,0.5034731498797755,0.5193313232319378,0.5313152742198282,0.0020810738617375035,0.05598680445582768,0.3868351081564836,0.5910634563284619
logit_all,15,1,wf4,2025-02-05 09:26:00+00:00,2025-03-13 19:00:00+00:00,314471,52415,52401,0.49951336806549496,0.500486631934505,0.5102192706246064,0.5166142787500407,-4.513604461009457e-05,0.023812248463902952,-0.31378704018048925,0.5747591338357341
logit_all,15,1,wf5,2025-03-13 19:01:00+00:00,2025-04-19 04:34:00+00:00,366886,52414,52402,0.4991603373917026,0.5008396626082974,0.5109156139078661,0.5206289777091078,0.0007794730921314441,0.03799400335059664,0.36826500202994145,0.554756362803831
hgb_all,15,1,wf1,2024-10-19 04:43:00+00:00,2024-11-24 14:16:00+00:00,157228,52414,52379,0.5082953091887971,0.5082953091887971,0.5094408064300578,0.5162744454901868,-0.003964781770173342,0.028698110301947927,0.22663276127195767,0.5372228793833709
hgb_all,15,1,wf2,2024-11-24 14:17:00+00:00,2024-12-30 23:51:00+00:00,209642,52415,52403,0.5031200503787951,0.5031200503787951,0.5180046943877259,0.5226414676986634,-0.0003899305284640331,0.04100073026018348,0.5178764556642212,0.5655251359343699
hgb_all,15,1,wf3,2024-12-30 23:52:00+00:00,2025-02-05 09:25:00+00:00,262057,52414,52402,0.4965268501202244,0.5034731498797755,0.5211823976184116,0.5254518892604317,-0.0007200898506918296,0.03595929116338549,0.12996712818262093,0.573377341931545
hgb_all,15,1,wf4,2025-02-05 09:26:00+00:00,2025-03-13 19:00:00+00:00,314471,52415,52401,0.49951336806549496,0.500486631934505,0.5087689166237286,0.5101694462307687,-0.0031581263354958367,0.012741724823810837,-0.42794474797512433,0.5678527139177716
hgb_all,15,1,wf5,2025-03-13 19:01:00+00:00,2025-04-19 04:34:00+00:00,366886,52414,52402,0.4991603373917026,0.5008396626082974,0.5129956871875119,0.5203461908243693,0.0001662780755964377,0.03668923059163092,0.3990900510753258,0.5638760636471172
